"Year","Unit","Fleet","Estimate_metric_tons","SD_log","SD_mt"
1,1,1,7792740.17733775,0.0389874525760982,303819.088101809
