"","peel","rho"
"1",0,0
"2",1,0.13967465237754
"3",2,0.196513686411636
"4",3,0.241664994543071
"5",4,0.274479733267008
"6",5,0.285776576763018
"7",6,0.288602031948236
"8",7,0.298564252305835
"9",8,0.251199877302823
"10",9,0.200508349247835
"11",10,0.171695357827485
"12",12,12
"13",13,13
"14",14,14
"15",15,15
"16",16,16
"17",17,17
"18",18,18
"19",19,19
"20",20,20
"21",21,21
