"","peel","rho"
"1",0,0
"2",1,-0.0792170906396641
"3",2,0.032995094161676
"4",3,0.0957737095479622
"5",4,0.150541836152803
"6",5,0.188049043332414
"7",6,0.216275652640803
"8",7,0.228233963860514
"9",8,0.252540628293171
"10",9,0.213562846350255
"11",10,0.18045339413641
"12",11,0.156987220336216
"13",12,0.154676874151505
"14",13,0.143245497531742
"15",14,0.14566872419939
"16",15,0.144160559980911
"17",17,17
"18",18,18
"19",19,19
"20",20,20
"21",21,21
